{
  "files": [
    {
      "filepath": "/Users/arv/src/rocicorp/mono/packages/replicache/src/kv/sqlite-store.bench.node.ts",
      "groups": [
        {
          "fullName": "src/kv/sqlite-store.bench.node.ts > sqlite tx",
          "benchmarks": [
            {
              "id": "-381563663_0_0",
              "name": "default journal mode",
              "rank": 2,
              "rme": 4.342844047466058,
              "samples": [],
              "totalTime": 500.13590900000247,
              "min": 0.20541700000001129,
              "max": 9.423750000000041,
              "hz": 2899.2119420083327,
              "period": 0.34492131655172587,
              "mean": 0.34492131655172587,
              "variance": 0.08469239177068166,
              "sd": 0.2910195728309037,
              "sem": 0.007642548400157238,
              "df": 1449,
              "critical": 1.96,
              "moe": 0.014979394864308186,
              "p75": 0.3758750000000646,
              "p99": 0.7326669999999922,
              "p995": 1.3435829999999669,
              "p999": 3.525374999999997,
              "sampleCount": 1450,
              "median": 0.3313959999999838
            },
            {
              "id": "-381563663_0_1",
              "name": "WAL journal mode",
              "rank": 1,
              "rme": 2.4398248001365346,
              "samples": [],
              "totalTime": 500.0471729999949,
              "min": 0.025583000000096945,
              "max": 2.682125000000042,
              "hz": 34704.72574794494,
              "period": 0.0288145195920246,
              "mean": 0.0288145195920246,
              "variance": 0.0022326852322967117,
              "sd": 0.047251298736613705,
              "sem": 0.0003586856097175596,
              "df": 17353,
              "critical": 1.96,
              "moe": 0.0007030237950464168,
              "p75": 0.027124999999955435,
              "p99": 0.031458000000043285,
              "p995": 0.06737499999996999,
              "p999": 1.1897500000000036,
              "sampleCount": 17354,
              "median": 0.02666699999986122
            }
          ]
        },
        {
          "fullName": "src/kv/sqlite-store.bench.node.ts > sqlite write contention",
          "benchmarks": [
            {
              "id": "-381563663_1_0",
              "name": "default journal mode",
              "rank": 2,
              "rme": 15.681746512833334,
              "samples": [],
              "totalTime": 500.5638459999989,
              "min": 0.44766699999991033,
              "max": 37.102750000000015,
              "hz": 1538.2653105154577,
              "period": 0.6500829168831154,
              "mean": 0.6500829168831154,
              "variance": 2.083075200689653,
              "sd": 1.443286250433244,
              "sem": 0.052012426096348555,
              "df": 769,
              "critical": 1.96,
              "moe": 0.10194435514884316,
              "p75": 0.5930000000000746,
              "p99": 1.1629999999997835,
              "p995": 7.1879999999998745,
              "p999": 37.102750000000015,
              "sampleCount": 770,
              "median": 0.5444999999999709
            },
            {
              "id": "-381563663_1_1",
              "name": "WAL journal mode",
              "rank": 1,
              "rme": 2.0661495893836124,
              "samples": [],
              "totalTime": 500.0178359999886,
              "min": 0.06420799999978044,
              "max": 1.537499999999909,
              "hz": 13997.50068115602,
              "period": 0.0714413253321887,
              "mean": 0.0714413253321887,
              "variance": 0.003969596634707089,
              "sd": 0.06300473501814835,
              "sem": 0.0007531044132659324,
              "df": 6998,
              "critical": 1.96,
              "moe": 0.0014760846500012274,
              "p75": 0.06820799999968585,
              "p99": 0.15750000000025466,
              "p995": 0.18141700000023775,
              "p999": 1.4547089999996388,
              "sampleCount": 6999,
              "median": 0.06716699999969933
            }
          ]
        },
        {
          "fullName": "src/kv/sqlite-store.bench.node.ts > plain read",
          "benchmarks": [
            {
              "id": "-381563663_2_0",
              "name": "default journal mode",
              "rank": 2,
              "rme": 0.6924002613547151,
              "samples": [],
              "totalTime": 500.03318299999,
              "min": 0.05687499999976353,
              "max": 0.6897079999998823,
              "hz": 16264.920562282288,
              "period": 0.0614820094675999,
              "mean": 0.0614820094675999,
              "variance": 0.0003836623501672221,
              "sd": 0.019587300737141454,
              "sem": 0.00021719469093866957,
              "df": 8132,
              "critical": 1.96,
              "moe": 0.00042570159423979236,
              "p75": 0.060750000000098225,
              "p99": 0.08254200000010314,
              "p995": 0.20162500000014916,
              "p999": 0.3791249999999309,
              "sampleCount": 8133,
              "median": 0.05908300000010058
            },
            {
              "id": "-381563663_2_1",
              "name": "WAL journal mode",
              "rank": 1,
              "rme": 0.7364780342878667,
              "samples": [],
              "totalTime": 500.0055059999959,
              "min": 0.03991700000005949,
              "max": 0.42458299999998417,
              "hz": 23453.74172739629,
              "period": 0.04263711997953406,
              "mean": 0.04263711997953406,
              "variance": 0.000301002499831995,
              "sd": 0.01734942361670828,
              "sem": 0.00016021072607256718,
              "df": 11726,
              "critical": 1.96,
              "moe": 0.0003140130231022317,
              "p75": 0.04183299999976953,
              "p99": 0.04862500000035652,
              "p995": 0.07645800000000236,
              "p999": 0.34750000000030923,
              "sampleCount": 11727,
              "median": 0.041291999999884865
            }
          ]
        },
        {
          "fullName": "src/kv/sqlite-store.bench.node.ts > bulk operations",
          "benchmarks": [
            {
              "id": "-381563663_3_0",
              "name": "default journal mode - 100 key/value pairs",
              "rank": 3,
              "rme": 1.3001345533491528,
              "samples": [],
              "totalTime": 501.0175349999986,
              "min": 0.38133299999935844,
              "max": 3.3386660000005577,
              "hz": 2251.418206350808,
              "period": 0.4441644813829775,
              "mean": 0.4441644813829775,
              "variance": 0.009791770155212418,
              "sd": 0.09895337364239998,
              "sem": 0.0029462938245735488,
              "df": 1127,
              "critical": 1.96,
              "moe": 0.0057747358961641555,
              "p75": 0.4568749999998545,
              "p99": 0.6139160000002448,
              "p995": 0.6468329999997877,
              "p999": 1.0837080000001151,
              "sampleCount": 1128,
              "median": 0.42972899999995207
            },
            {
              "id": "-381563663_3_1",
              "name": "WAL journal mode - 100 key/value pairs",
              "rank": 2,
              "rme": 1.9338212183271513,
              "samples": [],
              "totalTime": 500.10289599999123,
              "min": 0.1797919999999067,
              "max": 1.6320829999995112,
              "hz": 5174.935039768387,
              "period": 0.19323914064914655,
              "mean": 0.19323914064914655,
              "variance": 0.00940751601746307,
              "sd": 0.09699235030384133,
              "sem": 0.001906581379584818,
              "df": 2587,
              "critical": 1.96,
              "moe": 0.0037368995039862435,